data-scientist,data-scientist
data-scientist,learning-path
environments,environment
jupyter,notebook
jupyter,ide
jupyter,pandas
jupyter,numpy
jupyter,matplotlib
jupyter,sql
database,database-design
database,indexes
database,sorting
database,views
database,constraints
database,partitioning
database,queries
database,sql-tuning
database,ofbiz-accounting
database,ofbiz-human-resources
database,ofbiz-manufacturing
database,ofbiz-marketing
database,ofbiz-order
database,ofbiz-party
database,ofbiz-product
database,ofbiz-shipment
database,ofbiz-work-effort